{"loss": 2.39496, "_timestamp": 1699036133.5625288, "_runtime": 1812.358652830124, "_step": 499, "_wandb": {"runtime": 1814}}