{"loss": 2.67862, "_timestamp": 1699026915.7868, "_runtime": 1487.6166558265686, "_step": 499, "_wandb": {"runtime": 1489}}