{"loss": 6.65447, "_timestamp": 1699740182.8764434, "_runtime": 171.23866629600525, "_step": 57}